ID,checked
Moreau100_GALL.xml,Y
Moreau13_GALL.xml,Y
Moreau17_GBOOKS.xml,Y
Moreau18_GBOOKS.xml,NA
Moreau20_GALL.xml,NA
Moreau21_GALL.xml,NA
Moreau25_GBOOKS.xml,NA
Moreau27_MAZ.xml,NA
Moreau29_GBOOKS.xml,NA
Moreau30_MAZ.xml,NA
Moreau32_GBOOKS.xml,NA
Moreau36_GALL.xml,NA
Moreau37_GBOOKS.xml,NA
Moreau38_GBOOKS.xml,NA
Moreau39_GBOOKS.xml,NA
Moreau3_MAZ.xml,NA
Moreau40_GALL.xml,NA
Moreau41_GBOOKS.xml,NA
Moreau43_GBOOKS.xml,NA
Moreau45_GALL.xml,NA
Moreau46_GBOOKS.xml,NA
Moreau47_GBOOKS.xml,NA
Moreau50_GALL.xml,NA
Moreau52_GBOOKS.xml,NA
Moreau53_GALL.xml,NA
Moreau54_GBOOKS.xml,NA
Moreau55_GALL.xml,NA
Moreau56_GALL.xml,NA
Moreau5_GALL.xml,NA
Moreau60_GBOOKS.xml,NA
Moreau61_GALL.xml,NA
Moreau63_GBOOKS.xml,NA
Moreau65_GALL.xml,NA
Moreau67_GBOOKS.xml,NA
Moreau68_GALL.xml,NA
Moreau69_GBOOKS.xml,NA
Moreau70_GBOOKS.xml,NA
Moreau71_GBOOKS.xml,NA
Moreau72_GBOOKS.xml,NA
Moreau73_GALL.xml,NA
Moreau74_GALL.xml,NA
Moreau76_GBOOKS.xml,NA
Moreau78_GBOOKS.xml,NA
Moreau81_MAZ.xml,NA
Moreau83_MAZ.xml,NA
Moreau84_GALL.xml,NA
Moreau85_GBOOKS.xml,NA
Moreau87_GBOOKS.xml,NA
Moreau8_GBOOKS.xml,NA
Moreau90_GBOOKS.xml,NA
Moreau91_GALL.xml,NA
Moreau97_GBOOKS.xml,NA
Moreau98_MAZ.xml,NA
Moreau99_GBOOKS.xml,NA
Moreau1001_GBOOKS.xml,NA
Moreau1002_GBOOKS.xml,NA
Moreau1003_GALL.xml,NA
Moreau1004_GALL.xml,NA
Moreau1005_GBOOKS.xml,NA
Moreau1007_GBOOKS.xml,NA
Moreau1008_GBOOKS.xml,NA
Moreau1009_MAZ.xml,NA
Moreau1010_GBOOKS.xml,NA
Moreau1012_GBOOKS.xml,NA
Moreau1014_GBOOKS.xml,NA
Moreau1016_GBOOKS.xml,NA
Moreau1018_GBOOKS.xml,NA
Moreau1019_GBOOKS.xml,NA
Moreau1020_GBOOKS.xml,NA
Moreau1021_GBOOKS.xml,NA
Moreau1023_GBOOKS.xml,NA
Moreau1024_GBOOKS.xml,NA
Moreau1025_MAZ.xml,NA
Moreau1027_GBOOKS.xml,NA
Moreau1028_GALL.xml,NA
Moreau1029_GBOOKS.xml,NA
Moreau1030_GBOOKS.xml,NA
Moreau1031_GALL.xml,NA
Moreau1032_MAZ.xml,NA
Moreau1034_GBOOKS.xml,NA
Moreau1035_GBOOKS.xml,NA
Moreau1036_GBOOKS.xml,NA
Moreau1037_GBOOKS.xml,NA
Moreau1038_GBOOKS.xml,NA
Moreau1040_MAZ.xml,NA
Moreau1042_GBOOKS.xml,NA
Moreau1043_GBOOKS.xml,NA
Moreau1047_GBOOKS.xml,NA
Moreau1049_GALL.xml,NA
Moreau1050_GALL.xml,NA
Moreau1051_GALL.xml,NA
Moreau1052_GALL.xml,NA
Moreau1053_GBOOKS.xml,NA
Moreau1056_GALL.xml,NA
Moreau1057_GALL.xml,NA
Moreau1059_GBOOKS.xml,NA
Moreau1063_GALL.xml,NA
Moreau1064_GALL.xml,NA
Moreau1066_MAZ.xml,NA
Moreau1067_GBOOKS.xml,NA
Moreau1068_GBOOKS.xml,NA
Moreau1072_MAZ.xml,NA
Moreau1073_GALL.xml,NA
Moreau1077_GALL.xml,NA
Moreau1081_GBOOKS.xml,NA
Moreau1084_GALL.xml,NA
Moreau1085-i_MAZ.xml,NA
Moreau1085-ii_MAZ.xml,NA
Moreau1086_GALL.xml,NA
Moreau1089_GBOOKS.xml,NA
Moreau1090_GBOOKS.xml,NA
Moreau1092_GALL.xml,NA
Moreau1093_MAZ.xml,NA
Moreau1094_GBOOKS.xml,NA
Moreau1095_GBOOKS.xml,NA
Moreau1096_GBOOKS.xml,NA
Moreau1097_GBOOKS.xml,NA
Moreau1098_GBOOKS.xml,NA
Moreau1099_GBOOKS.xml,NA
Moreau101_GBOOKS.xml,NA
Moreau105_MAZ.xml,NA
Moreau109_GBOOKS.xml,NA
Moreau111_GBOOKS.xml,NA
Moreau112_GBOOKS.xml,NA
Moreau113_GBOOKS.xml,NA
Moreau114_GALL.xml,NA
Moreau115_GALL.xml,NA
Moreau116_GALL.xml,NA
Moreau118_GBOOKS.xml,NA
Moreau125_GBOOKS.xml,NA
Moreau127_MAZ.xml,NA
Moreau131_MAZ.xml,NA
Moreau134_GALL.xml,NA
Moreau139_GBOOKS.xml,NA
Moreau144_MAZ.xml,NA
Moreau146_MAZ.xml,NA
Moreau148_MAZ.xml,NA
Moreau150_MAZ.xml,NA
Moreau151_MAZ.xml,NA
Moreau157_MAZ.xml,NA
Moreau158_MAZ.xml,NA
Moreau161_MAZ.xml,NA
Moreau164_MAZ.xml,NA
Moreau166_MAZ.xml,NA
Moreau167_MAZ.xml,NA
Moreau168_MAZ.xml,NA
Moreau169_MAZ.xml,NA
Moreau171_MAZ.xml,NA
Moreau177_MAZ.xml,NA
Moreau178_MAZ.xml,NA
Moreau179_MAZ.xml,NA
Moreau180_MAZ.xml,NA
Moreau181_MAZ.xml,NA
Moreau182_MAZ.xml,NA
Moreau186_MAZ.xml,NA
Moreau187_MAZ.xml,NA
Moreau189_MAZ.xml,NA
Moreau190_MAZ.xml,NA
Moreau192_MAZ.xml,NA
Moreau195_MAZ.xml,NA
Moreau196_MAZ.xml,NA
Moreau197_MAZ.xml,NA
Moreau198_MAZ.xml,NA
Moreau200_MAZ.xml,NA
Moreau1101_GBOOKS.xml,NA
Moreau1120_MAZ.xml,NA
Moreau1121_GALL.xml,NA
Moreau1124_MAZ.xml,NA
Moreau1144_GBOOKS.xml,NA
Moreau1152_GBOOKS.xml,NA
Moreau1161_GALL.xml,NA
Moreau1164_MAZ.xml,NA
Moreau1165_GBOOKS.xml,NA
Moreau1166_GBOOKS.xml,NA
Moreau1168_GBOOKS.xml,NA
Moreau1172_GALL.xml,NA
Moreau1173_GBOOKS.xml,NA
Moreau1180_MAZ.xml,NA
Moreau1181_GALL.xml,NA
Moreau1184_MAZ.xml,NA
Moreau1200_GALL.xml,NA
Moreau1204_GALL.xml,NA
Moreau1206_GALL.xml,NA
Moreau1210_GBOOKS.xml,NA
Moreau1216_MAZ.xml,NA
Moreau1217_GBOOKS.xml,NA
Moreau1218_GBOOKS.xml,NA
Moreau1224_GALL.xml,NA
Moreau1225_GBOOKS.xml,NA
Moreau1227_MAZ.xml,NA
Moreau1228_GALL.xml,NA
Moreau1229_GALL.xml,NA
Moreau1239_GALL.xml,NA
Moreau1242_GBOOKS.xml,NA
Moreau1244_GBOOKS.xml,NA
Moreau1247_MAZ.xml,NA
Moreau1252_GALL.xml,NA
Moreau1255_GBOOKS.xml,NA
Moreau1260_GBOOKS.xml,NA
Moreau1261_GALL.xml,NA
Moreau1264_GBOOKS.xml,NA
Moreau1271_GBOOKS.xml,NA
Moreau1272_GBOOKS.xml,NA
Moreau1276_GBOOKS.xml,NA
Moreau1278_GBOOKS.xml,NA
Moreau1283_MAZ.xml,NA
Moreau1285_GBOOKS.xml,NA
Moreau1289_GBOOKS.xml,NA
Moreau1290_GBOOKS.xml,NA
Moreau1294_GBOOKS.xml,NA
Moreau1305_GBOOKS.xml,NA
Moreau1308_GALL.xml,NA
Moreau1310_GBOOKS.xml,NA
Moreau1317_GBOOKS.xml,NA
Moreau1321_GBOOKS.xml,NA
Moreau1322_GALL.xml,NA
Moreau1326_GBOOKS.xml,NA
Moreau1327_GBOOKS.xml,NA
Moreau1328_GBOOKS.xml,NA
Moreau1329_GBOOKS.xml,NA
Moreau1336_GALL.xml,NA
Moreau1337_GALL.xml,NA
Moreau1338_GBOOKS.xml,NA
Moreau1342_GBOOKS.xml,NA
Moreau1351_GBOOKS.xml,NA
Moreau1359_MAZ.xml,NA
Moreau1360_GBOOKS.xml,NA
Moreau1370_MAZ.xml,NA
Moreau1371_GALL.xml,NA
Moreau1372_GALL.xml,NA
Moreau1376_MAZ.xml,NA
Moreau1386_GBOOKS.xml,NA
Moreau1389_GBOOKS.xml,NA
Moreau1392_GBOOKS.xml,NA
Moreau1394_MAZ.xml,NA
Moreau1395_GBOOKS.xml,NA
Moreau1402_GBOOKS.xml,NA
Moreau1404_MAZ.xml,NA
Moreau1419_GALL.xml,NA
Moreau1424_GALL.xml,NA
Moreau1425_GBOOKS.xml,NA
Moreau1428_GBOOKS.xml,NA
Moreau1431_MAZ.xml,NA
Moreau1434_GBOOKS.xml,NA
Moreau1435_MAZ.xml,NA
Moreau1438_GBOOKS.xml,NA
Moreau1439_GALL.xml,NA
Moreau1448_MAZ.xml,NA
Moreau1450_GBOOKS.xml,NA
Moreau1460_GBOOKS.xml,NA
Moreau1461_MAZ.xml,NA
Moreau1464_GBOOKS.xml,NA
Moreau1469_GALL.xml,NA
Moreau1470_GBOOKS.xml,NA
Moreau1472_MAZ.xml,NA
Moreau1473_GBOOKS.xml,NA
Moreau1479_GBOOKS.xml,NA
Moreau1484_GBOOKS.xml,NA
Moreau1487_GBOOKS.xml,NA
Moreau1488_GBOOKS.xml,NA
Moreau1490_GBOOKS.xml,NA
Moreau1499_GBOOKS.xml,NA
Moreau1501_GBOOKS.xml,NA
Moreau1505_GBOOKS.xml,NA
Moreau1512_GBOOKS.xml,NA
Moreau1517_GBOOKS.xml,NA
Moreau1521_GALL.xml,NA
Moreau1522_MAZ.xml,NA
Moreau1531_GBOOKS.xml,NA
Moreau1536_GBOOKS.xml,NA
Moreau1538_MAZ.xml,NA
Moreau1539_GBOOKS.xml,NA
Moreau1540_GBOOKS.xml,NA
Moreau1541_GBOOKS.xml,NA
Moreau1543_GALL.xml,NA
Moreau1544_GBOOKS.xml,NA
Moreau1548_GBOOKS.xml,NA
Moreau1551_GBOOKS.xml,NA
Moreau1552_GBOOKS.xml,NA
Moreau1554_GBOOKS.xml,NA
Moreau1555_GBOOKS.xml,NA
Moreau1558_GBOOKS.xml,NA
Moreau1559_GBOOKS.xml,NA
Moreau1560_GBOOKS.xml,NA
Moreau1563_GALL.xml,NA
Moreau1564_GALL.xml,NA
Moreau1565_GBOOKS.xml,NA
Moreau1566_GBOOKS.xml,NA
Moreau1568_MAZ.xml,NA
Moreau1569_GBOOKS.xml,NA
Moreau1570_GBOOKS.xml,NA
Moreau1573_GBOOKS.xml,NA
Moreau1574_GBOOKS.xml,NA
Moreau1576_GBOOKS.xml,NA
Moreau1579_GBOOKS.xml,NA
Moreau1580_GBOOKS.xml,NA
Moreau1582_GBOOKS.xml,NA
Moreau1589_GBOOKS.xml,NA
Moreau1592_GBOOKS.xml,NA
Moreau1593_GBOOKS.xml,NA
Moreau1595_GBOOKS.xml,NA
Moreau1597_GBOOKS.xml,NA
Moreau1598_GBOOKS.xml,NA
Moreau1600_GBOOKS.xml,NA
Moreau1603_GBOOKS.xml,NA
Moreau1604_GALL.xml,NA
Moreau1608_GBOOKS.xml,NA
Moreau1611_MAZ.xml,NA
Moreau1612_GBOOKS.xml,NA
Moreau1614_GBOOKS.xml,NA
Moreau1619_GBOOKS.xml,NA
Moreau1621_GBOOKS.xml,NA
Moreau1624_GBOOKS.xml,NA
Moreau1627_GBOOKS.xml,NA
Moreau1630_GBOOKS.xml,NA
Moreau1633_MAZ.xml,NA
Moreau1634_GBOOKS.xml,NA
Moreau1637_GALL.xml,NA
Moreau1639_GBOOKS.xml,NA
Moreau1643_GBOOKS.xml,NA
Moreau1644_MAZ.xml,NA
Moreau1649_MAZ.xml,NA
Moreau1650_MAZ.xml,NA
Moreau1652_GALL.xml,NA
Moreau1655_GALL.xml,NA
Moreau1657_GBOOKS.xml,NA
Moreau1658_GBOOKS.xml,NA
Moreau1659_MAZ.xml,NA
Moreau1664_GBOOKS.xml,NA
Moreau1665_GALL.xml,NA
Moreau1667_GALL.xml,NA
Moreau1670_GALL.xml,NA
Moreau1671_GBOOKS.xml,NA
Moreau1673_MAZ.xml,NA
Moreau1675_GBOOKS.xml,NA
Moreau1678_GBOOKS.xml,NA
Moreau1679_MAZ.xml,NA
Moreau1684_GBOOKS.xml,NA
Moreau1686_GALL.xml,NA
Moreau1693_GBOOKS.xml,NA
Moreau1695_GBOOKS.xml,NA
Moreau1696_GBOOKS.xml,NA
Moreau1697_GBOOKS.xml,NA
Moreau1698_GBOOKS.xml,NA
Moreau1702_GBOOKS.xml,NA
Moreau1704_GALL.xml,NA
Moreau1705_GBOOKS.xml,NA
Moreau1708_GBOOKS.xml,NA
Moreau1709_GBOOKS.xml,NA
Moreau1713_GBOOKS.xml,NA
Moreau1714_GBOOKS.xml,NA
Moreau1721_GALL.xml,NA
Moreau1732_GBOOKS.xml,NA
Moreau1733_GBOOKS.xml,NA
Moreau1739_GBOOKS.xml,NA
Moreau1741_GBOOKS.xml,NA
Moreau1742_GBOOKS.xml,NA
Moreau1743_GBOOKS.xml,NA
Moreau1745_GBOOKS.xml,NA
Moreau1748_GBOOKS.xml,NA
Moreau1749_GBOOKS.xml,NA
Moreau1754_GBOOKS.xml,NA
Moreau1757_GBOOKS.xml,NA
Moreau1760_GBOOKS.xml,NA
Moreau1762_GBOOKS.xml,NA
Moreau1763_GALL.xml,NA
Moreau1764_GBOOKS.xml,NA
Moreau1766_GBOOKS.xml,NA
Moreau1771_GBOOKS.xml,NA
Moreau1779_GBOOKS.xml,NA
Moreau1781_GBOOKS.xml,NA
Moreau1784_GBOOKS.xml,NA
Moreau1788_GALL.xml,NA
Moreau1789_GBOOKS.xml,NA
Moreau1790_GBOOKS.xml,NA
Moreau1797_GBOOKS.xml,NA
Moreau1805_GBOOKS.xml,NA
Moreau1807_GBOOKS.xml,NA
Moreau1813_MAZ.xml,NA
Moreau1823_GBOOKS.xml,NA
Moreau1826_GBOOKS.xml,NA
Moreau1828_GBOOKS.xml,NA
Moreau1831_GBOOKS.xml,NA
Moreau1835_GBOOKS.xml,NA
Moreau1862_GBOOKS.xml,NA
Moreau1865_MAZ.xml,NA
Moreau1866_MAZ.xml,NA
Moreau1867_GBOOKS.xml,NA
Moreau1868_GBOOKS.xml,NA
Moreau1878_MAZ.xml,NA
Moreau1882_GBOOKS.xml,NA
Moreau1883_MAZ.xml,NA
Moreau1888_GBOOKS.xml,NA
Moreau1892_GBOOKS.xml,NA
Moreau1895_MAZ.xml,NA
Moreau1899_GBOOKS.xml,NA
Moreau1921_MAZ.xml,NA
Moreau1922_MAZ.xml,NA
Moreau1923_MAZ.xml,NA
Moreau1928_MAZ.xml,NA
Moreau1937_MAZ.xml,NA
Moreau1968_GBOOKS.xml,NA
Moreau2001_GBOOKS.xml,NA
Moreau2004_MAZ.xml,NA
Moreau2009_GBOOKS.xml,NA
Moreau2032_MAZ.xml,NA
Moreau2033_MAZ.xml,NA
Moreau2049_GALL.xml,NA
Moreau2054_MAZ.xml,NA
Moreau2066_GBOOKS.xml,NA
Moreau2099-ii_MAZ.xml,NA
Moreau203_MAZ.xml,NA
Moreau206_MAZ.xml,NA
Moreau207_MAZ.xml,NA
Moreau208_MAZ.xml,NA
Moreau209_MAZ.xml,NA
Moreau210_MAZ.xml,NA
Moreau212_MAZ.xml,NA
Moreau213_MAZ.xml,NA
Moreau214_MAZ.xml,NA
Moreau216_MAZ.xml,NA
Moreau217_MAZ.xml,NA
Moreau218_GBOOKS.xml,NA
Moreau219_MAZ.xml,NA
Moreau220_MAZ.xml,NA
Moreau221_MAZ.xml,NA
Moreau222_MAZ.xml,NA
Moreau223_MAZ.xml,NA
Moreau225_MAZ.xml,NA
Moreau227_MAZ.xml,NA
Moreau228_MAZ.xml,NA
Moreau229_MAZ.xml,NA
Moreau230_MAZ.xml,NA
Moreau231_MAZ.xml,NA
Moreau232_MAZ.xml,NA
Moreau233_MAZ.xml,NA
Moreau234_MAZ.xml,NA
Moreau235_MAZ.xml,NA
Moreau236_MAZ.xml,NA
Moreau237_MAZ.xml,NA
Moreau238_MAZ.xml,NA
Moreau239_MAZ.xml,NA
Moreau240_MAZ.xml,NA
Moreau241_MAZ.xml,NA
Moreau242_MAZ.xml,NA
Moreau243_MAZ.xml,NA
Moreau244_MAZ.xml,NA
Moreau245_MAZ.xml,NA
Moreau246_MAZ.xml,NA
Moreau247_MAZ.xml,NA
Moreau248_MAZ.xml,NA
Moreau249_MAZ.xml,NA
Moreau250_MAZ.xml,NA
Moreau251_GBOOKS.xml,NA
Moreau253_GBOOKS.xml,NA
Moreau254_GBOOKS.xml,NA
Moreau255_GBOOKS.xml,NA
Moreau257_GBOOKS.xml,NA
Moreau258_MAZ.xml,NA
Moreau259_MAZ.xml,NA
Moreau260_MAZ.xml,NA
Moreau263_GBOOKS.xml,NA
Moreau265_GBOOKS.xml,NA
Moreau278_MAZ.xml,NA
Moreau279_MAZ.xml,NA
Moreau284_GBOOKS.xml,NA
Moreau289_MAZ.xml,NA
Moreau293_MAZ.xml,NA
Moreau300_GBOOKS.xml,NA
Moreau2101_GBOOKS.xml,NA
Moreau2103_GBOOKS.xml,NA
Moreau2105_GBOOKS.xml,NA
Moreau2106_GBOOKS.xml,NA
Moreau2109_GBOOKS.xml,NA
Moreau2110_GBOOKS.xml,NA
Moreau2111_GBOOKS.xml,NA
Moreau2113_GBOOKS.xml,NA
Moreau2116_GBOOKS.xml,NA
Moreau2123_GBOOKS.xml,NA
Moreau2126_GBOOKS.xml,NA
Moreau2128_GBOOKS.xml,NA
Moreau2130_GBOOKS.xml,NA
Moreau2131_GBOOKS.xml,NA
Moreau2132_GALL.xml,NA
Moreau2135_MAZ.xml,NA
Moreau2136_GBOOKS.xml,NA
Moreau2140_MAZ.xml,NA
Moreau2143_GBOOKS.xml,NA
Moreau2144_GBOOKS.xml,NA
Moreau2145_GBOOKS.xml,NA
Moreau2146_GBOOKS.xml,NA
Moreau2147_GBOOKS.xml,NA
Moreau2154_GBOOKS.xml,NA
Moreau2163_MAZ.xml,NA
Moreau2173_GBOOKS.xml,NA
Moreau2175_GBOOKS.xml,NA
Moreau2181_GBOOKS.xml,NA
Moreau2187_GBOOKS.xml,NA
Moreau2188_MAZ.xml,NA
Moreau2197_MAZ.xml,NA
Moreau2201_GBOOKS.xml,NA
Moreau2202_GBOOKS.xml,NA
Moreau2203_GBOOKS.xml,NA
Moreau2205_GBOOKS.xml,NA
Moreau2206_GBOOKS.xml,NA
Moreau2207_GALL.xml,NA
Moreau2212_GBOOKS.xml,NA
Moreau2213_GBOOKS.xml,NA
Moreau2215_GBOOKS.xml,NA
Moreau2216_GBOOKS.xml,NA
Moreau2218_MAZ.xml,NA
Moreau2220_GBOOKS.xml,NA
Moreau2222_GBOOKS.xml,NA
Moreau2225_GBOOKS.xml,NA
Moreau2227_GBOOKS.xml,NA
Moreau2229_GBOOKS.xml,NA
Moreau2230_GBOOKS.xml,NA
Moreau2236_GBOOKS.xml,NA
Moreau2240_GBOOKS.xml,NA
Moreau2242_GBOOKS.xml,NA
Moreau2245_MAZ.xml,NA
Moreau2247_GBOOKS.xml,NA
Moreau2248_GBOOKS.xml,NA
Moreau2249_GBOOKS.xml,NA
Moreau2253_GALL.xml,NA
Moreau2255_MAZ.xml,NA
Moreau2258_GBOOKS.xml,NA
Moreau2259_GBOOKS.xml,NA
Moreau2263_MAZ.xml,NA
Moreau2269_GBOOKS.xml,NA
Moreau2272_GBOOKS.xml,NA
Moreau2273_GBOOKS.xml,NA
Moreau2280_GBOOKS.xml,NA
Moreau2282_MAZ.xml,NA
Moreau2283_GBOOKS.xml,NA
Moreau2287_GBOOKS.xml,NA
Moreau2288_GBOOKS.xml,NA
Moreau2289_MAZ.xml,NA
Moreau2290_GBOOKS.xml,NA
Moreau2294_GBOOKS.xml,NA
Moreau2297_GBOOKS.xml,NA
Moreau2298_GBOOKS.xml,NA
Moreau2299_GBOOKS.xml,NA
Moreau2320_GBOOKS.xml,NA
Moreau2321_GBOOKS.xml,NA
Moreau2325_GBOOKS.xml,NA
Moreau2326_GBOOKS.xml,NA
Moreau2329_GBOOKS.xml,NA
Moreau2332_GBOOKS.xml,NA
Moreau2334_GBOOKS.xml,NA
Moreau2335_GBOOKS.xml,NA
Moreau2337_GBOOKS.xml,NA
Moreau2340_MAZ.xml,NA
Moreau2341_GALL.xml,NA
Moreau2343_GBOOKS.xml,NA
Moreau2350_GBOOKS.xml,NA
Moreau2351_GBOOKS.xml,NA
Moreau2354_GBOOKS.xml,NA
Moreau2357_GBOOKS.xml,NA
Moreau2362_GBOOKS.xml,NA
Moreau2365_GALL.xml,NA
Moreau2366_GBOOKS.xml,NA
Moreau2384_MAZ.xml,NA
Moreau2390_GBOOKS.xml,NA
Moreau2391_GBOOKS.xml,NA
Moreau2394_GBOOKS.xml,NA
Moreau2395_GBOOKS.xml,NA
Moreau2398_MAZ.xml,NA
Moreau2399_GBOOKS.xml,NA
Moreau2402_GBOOKS.xml,NA
Moreau2405_MAZ.xml,NA
Moreau2406_GBOOKS.xml,NA
Moreau2409_MAZ.xml,NA
Moreau2410_MAZ.xml,NA
Moreau2412_MAZ.xml,NA
Moreau2413_MAZ.xml,NA
Moreau2418_GALL.xml,NA
Moreau2422_MAZ.xml,NA
Moreau2424_GBOOKS.xml,NA
Moreau2427_GBOOKS.xml,NA
Moreau2428_GBOOKS.xml,NA
Moreau2433_GBOOKS.xml,NA
Moreau2444_MAZ.xml,NA
Moreau2447_GBOOKS.xml,NA
Moreau2448_MAZ.xml,NA
Moreau2451_GBOOKS.xml,NA
Moreau2455_MAZ.xml,NA
Moreau2459_GBOOKS.xml,NA
Moreau2460_GBOOKS.xml,NA
Moreau2462_GBOOKS.xml,NA
Moreau2464_MAZ.xml,NA
Moreau2468_GBOOKS.xml,NA
Moreau2469_MAZ.xml,NA
Moreau2470_MAZ.xml,NA
Moreau2481_MAZ.xml,NA
Moreau2482_MAZ.xml,NA
Moreau2483_MAZ.xml,NA
Moreau2486_MAZ.xml,NA
Moreau2489_MAZ.xml,NA
Moreau2491_GBOOKS.xml,NA
Moreau2496_MAZ.xml,NA
Moreau2503_GBOOKS.xml,NA
Moreau2504_GBOOKS.xml,NA
Moreau2507_GBOOKS.xml,NA
Moreau2508_MAZ.xml,NA
Moreau2510_GBOOKS.xml,NA
Moreau2512_MAZ.xml,NA
Moreau2523_MAZ.xml,NA
Moreau2524_GBOOKS.xml,NA
Moreau2525_MAZ.xml,NA
Moreau2526_MAZ.xml,NA
Moreau2527_MAZ.xml,NA
Moreau2530_MAZ.xml,NA
Moreau2532_GBOOKS.xml,NA
Moreau2535_MAZ.xml,NA
Moreau2537_GBOOKS.xml,NA
Moreau2538_GALL.xml,NA
Moreau2541_GALL.xml,NA
Moreau2544_MAZ.xml,NA
Moreau2548_GBOOKS.xml,NA
Moreau2550_GBOOKS.xml,NA
Moreau2553_GBOOKS.xml,NA
Moreau2554_MAZ.xml,NA
Moreau2555_GBOOKS.xml,NA
Moreau2556_GBOOKS.xml,NA
Moreau2559_GBOOKS.xml,NA
Moreau2560_GBOOKS.xml,NA
Moreau2561_GBOOKS.xml,NA
Moreau2564_GBOOKS.xml,NA
Moreau2568_MAZ.xml,NA
Moreau2571_GBOOKS.xml,NA
Moreau2574_GBOOKS.xml,NA
Moreau2576_GALL.xml,NA
Moreau2579_GALL.xml,NA
Moreau2580_MAZ.xml,NA
Moreau2581_GALL.xml,NA
Moreau2586_GALL.xml,NA
Moreau2590_GBOOKS.xml,NA
Moreau2591_GBOOKS.xml,NA
Moreau2592_GBOOKS.xml,NA
Moreau2593_MAZ.xml,NA
Moreau2602_GALL.xml,NA
Moreau2603_GBOOKS.xml,NA
Moreau2604_GBOOKS.xml,NA
Moreau2607_GBOOKS.xml,NA
Moreau2617_MAZ.xml,NA
Moreau2629_GBOOKS.xml,NA
Moreau2633_MAZ.xml,NA
Moreau2634_GALL.xml,NA
Moreau2638_MAZ.xml,NA
Moreau2641_MAZ.xml,NA
Moreau2645_MAZ.xml,NA
Moreau2649_GBOOKS.xml,NA
Moreau2651_GBOOKS.xml,NA
Moreau2655_MAZ.xml,NA
Moreau2656_GALL.xml,NA
Moreau2657_GALL.xml,NA
Moreau2658_GBOOKS.xml,NA
Moreau2660_MAZ.xml,NA
Moreau2661_MAZ.xml,NA
Moreau2666_MAZ.xml,NA
Moreau2667_MAZ.xml,NA
Moreau2669_MAZ.xml,NA
Moreau2673_MAZ.xml,NA
Moreau2674_MAZ.xml,NA
Moreau2675_GBOOKS.xml,NA
Moreau2679_GBOOKS.xml,NA
Moreau2683_GALL.xml,NA
Moreau2684_GALL.xml,NA
Moreau2687_GALL.xml,NA
Moreau2688_MAZ.xml,NA
Moreau2689_GBOOKS.xml,NA
Moreau2692_GALL.xml,NA
Moreau2697_GALL.xml,NA
Moreau2698_MAZ.xml,NA
Moreau2701-iv_MAZ.xml,NA
Moreau2704_GBOOKS.xml,NA
Moreau2711_GBOOKS.xml,NA
Moreau2713_GBOOKS.xml,NA
Moreau2715_GBOOKS.xml,NA
Moreau2718_MAZ.xml,NA
Moreau2721_GBOOKS.xml,NA
Moreau2722_GBOOKS.xml,NA
Moreau2729_GBOOKS.xml,NA
Moreau2730_MAZ.xml,NA
Moreau2731_GALL.xml,NA
Moreau2738_GALL.xml,NA
Moreau2749_GBOOKS.xml,NA
Moreau2751_GBOOKS.xml,NA
Moreau2753_GBOOKS.xml,NA
Moreau2766_GBOOKS.xml,NA
Moreau2773_GBOOKS.xml,NA
Moreau2775_GBOOKS.xml,NA
Moreau2776_GBOOKS.xml,NA
Moreau2780_GALL.xml,NA
Moreau2781_GALL.xml,NA
Moreau2783_GBOOKS.xml,NA
Moreau2785_GALL.xml,NA
Moreau2787_GALL.xml,NA
Moreau2794_MAZ.xml,NA
Moreau2796_GBOOKS.xml,NA
Moreau2799_GBOOKS.xml,NA
Moreau2804_GALL.xml,NA
Moreau2811_GBOOKS.xml,NA
Moreau2814_GBOOKS.xml,NA
Moreau2815_GBOOKS.xml,NA
Moreau2819_GALL.xml,NA
Moreau2820_GALL.xml,NA
Moreau2824_GBOOKS.xml,NA
Moreau2827_GBOOKS.xml,NA
Moreau2829_GBOOKS.xml,NA
Moreau2830_MAZ.xml,NA
Moreau2837_GBOOKS.xml,NA
Moreau2841_GALL.xml,NA
Moreau2848_GALL.xml,NA
Moreau2851_MAZ.xml,NA
Moreau2852_GALL.xml,NA
Moreau2853_GALL.xml,NA
Moreau2854_GBOOKS.xml,NA
Moreau2856_GBOOKS.xml,NA
Moreau2866_GBOOKS.xml,NA
Moreau2870_GBOOKS.xml,NA
Moreau2871_GBOOKS.xml,NA
Moreau2872_GBOOKS.xml,NA
Moreau2878_GBOOKS.xml,NA
Moreau2879_GBOOKS.xml,NA
Moreau2882_GBOOKS.xml,NA
Moreau2884_GALL.xml,NA
Moreau2889_GBOOKS.xml,NA
Moreau2891_MAZ.xml,NA
Moreau2892_MAZ.xml,NA
Moreau2893_GBOOKS.xml,NA
Moreau2895_GALL.xml,NA
Moreau2896_MAZ.xml,NA
Moreau2897_GBOOKS.xml,NA
Moreau2901_GBOOKS.xml,NA
Moreau2905_GALL.xml,NA
Moreau2908_GBOOKS.xml,NA
Moreau2912_GBOOKS.xml,NA
Moreau2926_GBOOKS.xml,NA
Moreau2927_GBOOKS.xml,NA
Moreau2930_GALL.xml,NA
Moreau2934_GBOOKS.xml,NA
Moreau2942_GALL.xml,NA
Moreau2943_GALL.xml,NA
Moreau2945_GBOOKS.xml,NA
Moreau2946_GBOOKS.xml,NA
Moreau2948_MAZ.xml,NA
Moreau2950_GBOOKS.xml,NA
Moreau2951_GALL.xml,NA
Moreau2952_GBOOKS.xml,NA
Moreau2954_GALL.xml,NA
Moreau2957_MAZ.xml,NA
Moreau2958_MAZ.xml,NA
Moreau2959_MAZ.xml,NA
Moreau2960_GALL.xml,NA
Moreau2966_GBOOKS.xml,NA
Moreau2967_MAZ.xml,NA
Moreau2969_GBOOKS.xml,NA
Moreau2970_GBOOKS.xml,NA
Moreau2971_MAZ.xml,NA
Moreau2975_GBOOKS.xml,NA
Moreau2984_MAZ.xml,NA
Moreau2985_GBOOKS.xml,NA
Moreau2987_GBOOKS.xml,NA
Moreau2991_GBOOKS.xml,NA
Moreau2994_GBOOKS.xml,NA
Moreau2996_GBOOKS.xml,NA
Moreau2999_GBOOKS.xml,NA
Moreau3000_GBOOKS.xml,NA
Moreau3002_GBOOKS.xml,NA
Moreau3003_GBOOKS.xml,NA
Moreau3005_GBOOKS.xml,NA
Moreau3006_GBOOKS.xml,NA
Moreau3007_GBOOKS.xml,NA
Moreau3009_GALL.xml,NA
Moreau3011_GBOOKS.xml,NA
Moreau3015_GBOOKS.xml,NA
Moreau3017_MAZ.xml,NA
Moreau3024_GBOOKS.xml,NA
Moreau3025_GBOOKS.xml,NA
Moreau3027_MAZ.xml,NA
Moreau3033_GALL.xml,NA
Moreau3035-ii_MAZ.xml,NA
Moreau3035-iii_MAZ.xml,NA
Moreau3035-iv_MAZ.xml,NA
Moreau3039_MAZ.xml,NA
Moreau3041_MAZ.xml,NA
Moreau3042_MAZ.xml,NA
Moreau3044_GALL.xml,NA
Moreau3046_GBOOKS.xml,NA
Moreau3049_GALL.xml,NA
Moreau3055_GALL.xml,NA
Moreau3060_GBOOKS.xml,NA
Moreau3075_GBOOKS.xml,NA
Moreau3078_GBOOKS.xml,NA
Moreau3080_GBOOKS.xml,NA
Moreau3081_GALL.xml,NA
Moreau3083_GBOOKS.xml,NA
Moreau3085_GBOOKS.xml,NA
Moreau3087_GALL.xml,NA
Moreau3088_MAZ.xml,NA
Moreau3089_GALL.xml,NA
Moreau3090_MAZ.xml,NA
Moreau3095_GBOOKS.xml,NA
Moreau3097_GBOOKS.xml,NA
Moreau3099_GBOOKS.xml,NA
Moreau303_GBOOKS.xml,NA
Moreau305_GBOOKS.xml,NA
Moreau306_MAZ.xml,NA
Moreau308_MAZ.xml,NA
Moreau310_GBOOKS.xml,NA
Moreau311_GBOOKS.xml,NA
Moreau319_GBOOKS.xml,NA
Moreau322_GBOOKS.xml,NA
Moreau323_GBOOKS.xml,NA
Moreau326_GBOOKS.xml,NA
Moreau329_GBOOKS.xml,NA
Moreau336_GBOOKS.xml,NA
Moreau338_GBOOKS.xml,NA
Moreau342_GBOOKS.xml,NA
Moreau345_MAZ.xml,NA
Moreau346_GALL.xml,NA
Moreau352_GBOOKS.xml,NA
Moreau358_MAZ.xml,NA
Moreau365_GALL.xml,NA
Moreau370_MAZ.xml,NA
Moreau371_MAZ.xml,NA
Moreau382_GALL.xml,NA
Moreau384_GBOOKS.xml,NA
Moreau387_GBOOKS.xml,NA
Moreau390_GBOOKS.xml,NA
Moreau392_GBOOKS.xml,NA
Moreau394_MAZ.xml,NA
Moreau3103_GALL.xml,NA
Moreau3106_GBOOKS.xml,NA
Moreau3117_GBOOKS.xml,NA
Moreau3118_GBOOKS.xml,NA
Moreau3119_GBOOKS.xml,NA
Moreau3120_GBOOKS.xml,NA
Moreau3122_GBOOKS.xml,NA
Moreau3125_GBOOKS.xml,NA
Moreau3126_GBOOKS.xml,NA
Moreau3129_GBOOKS.xml,NA
Moreau3130_GBOOKS.xml,NA
Moreau3132_GBOOKS.xml,NA
Moreau3137_MAZ.xml,NA
Moreau3138_GBOOKS.xml,NA
Moreau3141_MAZ.xml,NA
Moreau3144_GBOOKS.xml,NA
Moreau3146_GBOOKS.xml,NA
Moreau3149_GBOOKS.xml,NA
Moreau3151_GBOOKS.xml,NA
Moreau3154_GBOOKS.xml,NA
Moreau3162_MAZ.xml,NA
Moreau3165_MAZ.xml,NA
Moreau3170_GBOOKS.xml,NA
Moreau3176_GBOOKS.xml,NA
Moreau3177_GBOOKS.xml,NA
Moreau3179_GBOOKS.xml,NA
Moreau3180_GBOOKS.xml,NA
Moreau3181_GBOOKS.xml,NA
Moreau3184_GBOOKS.xml,NA
Moreau3186_GBOOKS.xml,NA
Moreau3188_GBOOKS.xml,NA
Moreau3190_MAZ.xml,NA
Moreau3191_GBOOKS.xml,NA
Moreau3192_GBOOKS.xml,NA
Moreau3195_GBOOKS.xml,NA
Moreau3196_GBOOKS.xml,NA
Moreau3198_GALL.xml,NA
Moreau3199_MAZ.xml,NA
Moreau3200_GBOOKS.xml,NA
Moreau3201_GBOOKS.xml,NA
Moreau3202_GBOOKS.xml,NA
Moreau3204_GBOOKS.xml,NA
Moreau3205_GBOOKS.xml,NA
Moreau3210_GBOOKS.xml,NA
Moreau3214_GBOOKS.xml,NA
Moreau3216_GBOOKS.xml,NA
Moreau3220_GBOOKS.xml,NA
Moreau3222_GBOOKS.xml,NA
Moreau3225_GBOOKS.xml,NA
Moreau3229_GBOOKS.xml,NA
Moreau3232_GBOOKS.xml,NA
Moreau3233_GBOOKS.xml,NA
Moreau3234_GBOOKS.xml,NA
Moreau3235_GBOOKS.xml,NA
Moreau3238_GBOOKS.xml,NA
Moreau3241_GBOOKS.xml,NA
Moreau3246_MAZ.xml,NA
Moreau3247_GBOOKS.xml,NA
Moreau3250_GBOOKS.xml,NA
Moreau3254_GBOOKS.xml,NA
Moreau3255_GBOOKS.xml,NA
Moreau3256_GBOOKS.xml,NA
Moreau3258_GBOOKS.xml,NA
Moreau3260_GBOOKS.xml,NA
Moreau3276_GBOOKS.xml,NA
Moreau3279_GBOOKS.xml,NA
Moreau3280_GBOOKS.xml,NA
Moreau3281_GALL.xml,NA
Moreau3287_GBOOKS.xml,NA
Moreau3288_GALL.xml,NA
Moreau3290_GALL.xml,NA
Moreau3291_GBOOKS.xml,NA
Moreau3303_GALL.xml,NA
Moreau3310_GALL.xml,NA
Moreau3312_GBOOKS.xml,NA
Moreau3314_GBOOKS.xml,NA
Moreau3315_GBOOKS.xml,NA
Moreau3316_GBOOKS.xml,NA
Moreau3317_GBOOKS.xml,NA
Moreau3326_MAZ.xml,NA
Moreau3336_GALL.xml,NA
Moreau3338_GBOOKS.xml,NA
Moreau3341_MAZ.xml,NA
Moreau3344_GBOOKS.xml,NA
Moreau3345_GBOOKS.xml,NA
Moreau3347_GBOOKS.xml,NA
Moreau3350_GBOOKS.xml,NA
Moreau3352_GBOOKS.xml,NA
Moreau3360_GBOOKS.xml,NA
Moreau3361_GBOOKS.xml,NA
Moreau3367_GBOOKS.xml,NA
Moreau3393_GBOOKS.xml,NA
Moreau3394_GBOOKS.xml,NA
Moreau3396_GBOOKS.xml,NA
Moreau3397_GBOOKS.xml,NA
Moreau3401_GALL.xml,NA
Moreau3411_GBOOKS.xml,NA
Moreau3425_GALL.xml,NA
Moreau3427_GBOOKS.xml,NA
Moreau3435_GBOOKS.xml,NA
Moreau3439_GBOOKS.xml,NA
Moreau3440_GBOOKS.xml,NA
Moreau3448_GBOOKS.xml,NA
Moreau3454_GBOOKS.xml,NA
Moreau3460_GBOOKS.xml,NA
Moreau3461_GALL.xml,NA
Moreau3462_GBOOKS.xml,NA
Moreau3463_MAZ.xml,NA
Moreau3466_GALL.xml,NA
Moreau3471_GALL.xml,NA
Moreau3478_MAZ.xml,NA
Moreau3481_GALL.xml,NA
Moreau3482_GALL.xml,NA
Moreau3484_GBOOKS.xml,NA
Moreau3485_GBOOKS.xml,NA
Moreau3489_GALL.xml,NA
Moreau3496_GBOOKS.xml,NA
Moreau3498_GBOOKS.xml,NA
Moreau3501_GALL.xml,NA
Moreau3517_GBOOKS.xml,NA
Moreau3530_GALL.xml,NA
Moreau3531_GBOOKS.xml,NA
Moreau3533_MAZ.xml,NA
Moreau3536_GBOOKS.xml,NA
Moreau3539_GBOOKS.xml,NA
Moreau3540_GALL.xml,NA
Moreau3542_GALL.xml,NA
Moreau3545_GBOOKS.xml,NA
Moreau3550_GALL.xml,NA
Moreau3553_GBOOKS.xml,NA
Moreau3554_MAZ.xml,NA
Moreau3557_GBOOKS.xml,NA
Moreau3558_GALL.xml,NA
Moreau3560_GALL.xml,NA
Moreau3567_GALL.xml,NA
Moreau3569_GBOOKS.xml,NA
Moreau3572_GBOOKS.xml,NA
Moreau3574_GBOOKS.xml,NA
Moreau3582_GBOOKS.xml,NA
Moreau3583_GBOOKS.xml,NA
Moreau3584_GALL.xml,NA
Moreau3585_GBOOKS.xml,NA
Moreau3591_GALL.xml,NA
Moreau3594_MAZ.xml,NA
Moreau3595_GALL.xml,NA
Moreau3596_GALL.xml,NA
Moreau3600_GBOOKS.xml,NA
Moreau3608_GBOOKS.xml,NA
Moreau3612_GBOOKS.xml,NA
Moreau3614_GBOOKS.xml,NA
Moreau3615_GBOOKS.xml,NA
Moreau3617_GBOOKS.xml,NA
Moreau3620_MAZ.xml,NA
Moreau3623_GBOOKS.xml,NA
Moreau3626_GBOOKS.xml,NA
Moreau3627_GBOOKS.xml,NA
Moreau3629_GBOOKS.xml,NA
Moreau3635_GBOOKS.xml,NA
Moreau3654_GBOOKS.xml,NA
Moreau3656_GBOOKS.xml,NA
Moreau3657_GBOOKS.xml,NA
Moreau3659_GALL.xml,NA
Moreau3661_GBOOKS.xml,NA
Moreau3665_GBOOKS.xml,NA
Moreau3668_GBOOKS.xml,NA
Moreau3671_GBOOKS.xml,NA
Moreau3672_MAZ.xml,NA
Moreau3678_GALL.xml,NA
Moreau3679_MAZ.xml,NA
Moreau3681_GBOOKS.xml,NA
Moreau3682_GBOOKS.xml,NA
Moreau3683_GBOOKS.xml,NA
Moreau3684_GBOOKS.xml,NA
Moreau3685_GBOOKS.xml,NA
Moreau3688_GBOOKS.xml,NA
Moreau3690_GBOOKS.xml,NA
Moreau3692_GALL.xml,NA
Moreau3693_GBOOKS.xml,NA
Moreau3698_GALL.xml,NA
Moreau3701_GBOOKS.xml,NA
Moreau3705_MAZ.xml,NA
Moreau3707_GBOOKS.xml,NA
Moreau3709_GALL.xml,NA
Moreau3718_GALL.xml,NA
Moreau3721_MAZ.xml,NA
Moreau3724_GBOOKS.xml,NA
Moreau3726_GBOOKS.xml,NA
Moreau3728_GBOOKS.xml,NA
Moreau3730_GBOOKS.xml,NA
Moreau3732_GBOOKS.xml,NA
Moreau3738_GBOOKS.xml,NA
Moreau3740_GBOOKS.xml,NA
Moreau3743_MAZ.xml,NA
Moreau3746_GBOOKS.xml,NA
Moreau3747_GALL.xml,NA
Moreau3752_GBOOKS.xml,NA
Moreau3761_GALL.xml,NA
Moreau3762_GBOOKS.xml,NA
Moreau3766_MAZ.xml,NA
Moreau3769_MAZ.xml,NA
Moreau3770-i_MAZ.xml,NA
Moreau3770-ii_MAZ.xml,NA
Moreau3771_GALL.xml,NA
Moreau3772_GBOOKS.xml,NA
Moreau3774_GBOOKS.xml,NA
Moreau3777_MAZ.xml,NA
Moreau3783_GBOOKS.xml,NA
Moreau3786_GBOOKS.xml,NA
Moreau3793_GBOOKS.xml,NA
Moreau3797_GBOOKS.xml,NA
Moreau3802_GALL.xml,NA
Moreau3807_GBOOKS.xml,NA
Moreau3808_GBOOKS.xml,NA
Moreau3809_GBOOKS.xml,NA
Moreau3812_GBOOKS.xml,NA
Moreau3814_MAZ.xml,NA
Moreau3818_GBOOKS.xml,NA
Moreau3820_GBOOKS.xml,NA
Moreau3822_MAZ.xml,NA
Moreau3834_GBOOKS.xml,NA
Moreau3835_GBOOKS.xml,NA
Moreau3840_GBOOKS.xml,NA
Moreau3841_GBOOKS.xml,NA
Moreau3847_GALL.xml,NA
Moreau3848_GALL.xml,NA
Moreau3850_GALL.xml,NA
Moreau3851_GALL.xml,NA
Moreau3857_GALL.xml,NA
Moreau3858_GBOOKS.xml,NA
Moreau3859_GALL.xml,NA
Moreau3861_MAZ.xml,NA
Moreau3864_GALL.xml,NA
Moreau3868_GALL.xml,NA
Moreau3869_GALL.xml,NA
Moreau3872_GALL.xml,NA
Moreau3881_GBOOKS.xml,NA
Moreau3885_GALL.xml,NA
Moreau3892_GBOOKS.xml,NA
Moreau3896_GALL.xml,NA
Moreau3902_GBOOKS.xml,NA
Moreau3903_GBOOKS.xml,NA
Moreau3904_GBOOKS.xml,NA
Moreau3910_GBOOKS.xml,NA
Moreau3912_GBOOKS.xml,NA
Moreau3915_GALL.xml,NA
Moreau3916_GBOOKS.xml,NA
Moreau3919_GBOOKS.xml,NA
Moreau3920_GBOOKS.xml,NA
Moreau3921_GBOOKS.xml,NA
Moreau3924_GBOOKS.xml,NA
Moreau3925_GBOOKS.xml,NA
Moreau3930_MAZ.xml,NA
Moreau3932_MAZ.xml,NA
Moreau3933_GBOOKS.xml,NA
Moreau3936_GBOOKS.xml,NA
Moreau3937_GBOOKS.xml,NA
Moreau3938_GBOOKS.xml,NA
Moreau3940_GBOOKS.xml,NA
Moreau3942_GBOOKS.xml,NA
Moreau3945_GBOOKS.xml,NA
Moreau3947_MAZ.xml,NA
Moreau3948_MAZ.xml,NA
Moreau3950_GBOOKS.xml,NA
Moreau3951_MAZ.xml,NA
Moreau3952_GALL.xml,NA
Moreau3955_GBOOKS.xml,NA
Moreau3960_GBOOKS.xml,NA
Moreau3962_MAZ.xml,NA
Moreau3963_GBOOKS.xml,NA
Moreau3969_GBOOKS.xml,NA
Moreau3974_GBOOKS.xml,NA
Moreau3975_GBOOKS.xml,NA
Moreau3979_GBOOKS.xml,NA
Moreau3986_GBOOKS.xml,NA
Moreau3993_GALL.xml,NA
Moreau3998_MAZ.xml,NA
Moreau4014_GALL.xml,NA
Moreau4015_MAZ.xml,NA
Moreau4016_MAZ.xml,NA
Moreau4017_MAZ.xml,NA
Moreau4027_GBOOKS.xml,NA
Moreau4031_GBOOKS.xml,NA
Moreau4032_GBOOKS.xml,NA
Moreau4037_GALL.xml,NA
Moreau4038_MAZ.xml,NA
Moreau4043_GBOOKS.xml,NA
Moreau4044_MAZ.xml,NA
Moreau4045_GBOOKS.xml,NA
Moreau4050_GALL.xml,NA
Moreau4056_GBOOKS.xml,NA
Moreau4058_GBOOKS.xml,NA
Moreau4060_GBOOKS.xml,NA
Moreau4061_GALL.xml,NA
Moreau4065_GBOOKS.xml,NA
Moreau4067_GBOOKS.xml,NA
Moreau4069_GBOOKS.xml,NA
Moreau4071_GBOOKS.xml,NA
Moreau4073_GBOOKS.xml,NA
Moreau4074_GBOOKS.xml,NA
Moreau4075_MAZ.xml,NA
Moreau4076_GALL.xml,NA
Moreau4078_GBOOKS.xml,NA
Moreau4080_GBOOKS.xml,NA
Moreau4082_GBOOKS.xml,NA
Moreau411_GBOOKS.xml,NA
Moreau412_MAZ.xml,NA
Moreau421_GBOOKS.xml,NA
Moreau428_GBOOKS.xml,NA
Moreau430_GBOOKS.xml,NA
Moreau439_GBOOKS.xml,NA
Moreau445_GALL.xml,NA
Moreau446-vi_GBOOKS.xml,NA
Moreau447_GBOOKS.xml,NA
Moreau450_GBOOKS.xml,NA
Moreau456_MAZ.xml,NA
Moreau457_GBOOKS.xml,NA
Moreau463_GBOOKS.xml,NA
Moreau470_GBOOKS.xml,NA
Moreau472_GBOOKS.xml,NA
Moreau473_MAZ.xml,NA
Moreau474_MAZ.xml,NA
Moreau475_MAZ.xml,NA
Moreau478_GBOOKS.xml,NA
Moreau483_MAZ.xml,NA
Moreau487_GBOOKS.xml,NA
Moreau494_GALL.xml,NA
Moreau497_GALL.xml,NA
Moreau498_GBOOKS.xml,NA
Moreau503_GBOOKS.xml,NA
Moreau504_GALL.xml,NA
Moreau505_MAZ.xml,NA
Moreau506_GBOOKS.xml,NA
Moreau508_GBOOKS.xml,NA
Moreau512_GBOOKS.xml,NA
Moreau514_MAZ.xml,NA
Moreau522_GBOOKS.xml,NA
Moreau523_GBOOKS.xml,NA
Moreau528_GBOOKS.xml,NA
Moreau531_GBOOKS.xml,NA
Moreau536_GBOOKS.xml,NA
Moreau547_GBOOKS.xml,NA
Moreau549_GBOOKS.xml,NA
Moreau550_GBOOKS.xml,NA
Moreau556-i_MAZ.xml,NA
Moreau556-ii_MAZ.xml,NA
Moreau556-iii_MAZ.xml,NA
Moreau556-iv_MAZ.xml,NA
Moreau556-v_MAZ.xml,NA
Moreau556-vi_MAZ.xml,NA
Moreau565_GALL.xml,NA
Moreau566_GALL.xml,NA
Moreau569_GALL.xml,NA
Moreau571_GALL.xml,NA
Moreau572_GBOOKS.xml,NA
Moreau573_GALL.xml,NA
Moreau576_GALL.xml,NA
Moreau587_GBOOKS.xml,NA
Moreau590_GBOOKS.xml,NA
Moreau595_GBOOKS.xml,NA
Moreau599_GBOOKS.xml,NA
Moreau600_GALL.xml,NA
Moreau603_GBOOKS.xml,NA
Moreau604_GALL.xml,NA
Moreau611_GALL.xml,NA
Moreau612_MAZ.xml,NA
Moreau613_GALL.xml,NA
Moreau615_GBOOKS.xml,NA
Moreau618_GBOOKS.xml,NA
Moreau621_GBOOKS.xml,NA
Moreau627_GBOOKS.xml,NA
Moreau635_GBOOKS.xml,NA
Moreau636_GBOOKS.xml,NA
Moreau639_GBOOKS.xml,NA
Moreau642_GALL.xml,NA
Moreau643_GALL.xml,NA
Moreau644_GBOOKS.xml,NA
Moreau645_GBOOKS.xml,NA
Moreau648_MAZ.xml,NA
Moreau652_MAZ.xml,NA
Moreau668_GBOOKS.xml,NA
Moreau671_GBOOKS.xml,NA
Moreau672_GBOOKS.xml,NA
Moreau674_GALL.xml,NA
Moreau675_GALL.xml,NA
Moreau676_GBOOKS.xml,NA
Moreau688_GALL.xml,NA
Moreau690_GALL.xml,NA
Moreau694_GALL.xml,NA
Moreau696_GBOOKS.xml,NA
Moreau702_GBOOKS.xml,NA
Moreau706_MAZ.xml,NA
Moreau712_GALL.xml,NA
Moreau713_GALL.xml,NA
Moreau718_GBOOKS.xml,NA
Moreau719_MAZ.xml,NA
Moreau722_MAZ.xml,NA
Moreau729_MAZ.xml,NA
Moreau734_GBOOKS.xml,NA
Moreau738_MAZ.xml,NA
Moreau739_GBOOKS.xml,NA
Moreau751_GBOOKS.xml,NA
Moreau753_MAZ.xml,NA
Moreau754_GALL.xml,NA
Moreau757_GBOOKS.xml,NA
Moreau760_GBOOKS.xml,NA
Moreau762_GBOOKS.xml,NA
Moreau764_GBOOKS.xml,NA
Moreau765_GBOOKS.xml,NA
Moreau766_GBOOKS.xml,NA
Moreau767_GBOOKS.xml,NA
Moreau773_GBOOKS.xml,NA
Moreau774_GBOOKS.xml,NA
Moreau776_GBOOKS.xml,NA
Moreau777_GBOOKS.xml,NA
Moreau780_GBOOKS.xml,NA
Moreau782_MAZ.xml,NA
Moreau784_GBOOKS.xml,NA
Moreau789_GBOOKS.xml,NA
Moreau790_MAZ.xml,NA
Moreau792_GBOOKS.xml,NA
Moreau797_GALL.xml,NA
Moreau798_GBOOKS.xml,NA
Moreau800_GBOOKS.xml,NA
Moreau802_MAZ.xml,NA
Moreau808_GBOOKS.xml,NA
Moreau809_GBOOKS.xml,NA
Moreau814_GALL.xml,NA
Moreau815_GALL.xml,NA
Moreau816_GALL.xml,NA
Moreau820_GBOOKS.xml,NA
Moreau821_GALL.xml,NA
Moreau822_GBOOKS.xml,NA
Moreau824_GBOOKS.xml,NA
Moreau826_GBOOKS.xml,NA
Moreau827_GBOOKS.xml,NA
Moreau829_GBOOKS.xml,NA
Moreau830_GBOOKS.xml,NA
Moreau833-i_GBOOKS.xml,NA
Moreau836_GALL.xml,NA
Moreau839_MAZ.xml,NA
Moreau843_GBOOKS.xml,NA
Moreau846_GBOOKS.xml,NA
Moreau847_GBOOKS.xml,NA
Moreau850_MAZ.xml,NA
Moreau851_GBOOKS.xml,NA
Moreau854_GALL.xml,NA
Moreau857_GALL.xml,NA
Moreau861_GBOOKS.xml,NA
Moreau863_GALL.xml,NA
Moreau864_GBOOKS.xml,NA
Moreau865_GBOOKS.xml,NA
Moreau867_GALL.xml,NA
Moreau871_MAZ.xml,NA
Moreau876_GBOOKS.xml,NA
Moreau881_GBOOKS.xml,NA
Moreau884_GALL.xml,NA
Moreau886_MAZ.xml,NA
Moreau887_MAZ.xml,NA
Moreau889_GBOOKS.xml,NA
Moreau890_GBOOKS.xml,NA
Moreau892_GBOOKS.xml,NA
Moreau895_GBOOKS.xml,NA
Moreau897_GBOOKS.xml,NA
Moreau902_GBOOKS.xml,NA
Moreau905_MAZ.xml,NA
Moreau907_GBOOKS.xml,NA
Moreau908_GBOOKS.xml,NA
Moreau909_MAZ.xml,NA
Moreau911_MAZ.xml,NA
Moreau915_MAZ.xml,NA
Moreau921_GBOOKS.xml,NA
Moreau925_MAZ.xml,NA
Moreau928_GBOOKS.xml,NA
Moreau930_GBOOKS.xml,NA
Moreau935_GBOOKS.xml,NA
Moreau936_MAZ.xml,NA
Moreau937_GBOOKS.xml,NA
Moreau944_MAZ.xml,NA
Moreau946_MAZ.xml,NA
Moreau947_GBOOKS.xml,NA
Moreau950_GBOOKS.xml,NA
Moreau954_MAZ.xml,NA
Moreau955_GBOOKS.xml,NA
Moreau961_GBOOKS.xml,NA
Moreau972_GBOOKS.xml,NA
Moreau981_GBOOKS.xml,NA
BM49086_MAZ.xml,NA
BM49193_MAZ.xml,NA
BM49240_MAZ.xml,NA
BM49257_MAZ.xml,NA
BM49258_MAZ.xml,NA
BM49283_MAZ.xml,NA
BM49285_MAZ.xml,NA
BM49286_MAZ.xml,NA
BM49295_MAZ.xml,NA
BM49296_MAZ.xml,NA
BM49386_MAZ.xml,NA
BM49393_MAZ.xml,NA
BM49770_MAZ.xml,NA
BM49790_MAZ.xml,NA
BM49794_MAZ.xml,NA
BM49796_MAZ.xml,NA
BM49797_MAZ.xml,NA
BM49827_MAZ.xml,NA
BM49830_MAZ.xml,NA
BM49840_MAZ.xml,NA
BM50189_MAZ.xml,NA
Labadie144_GBOOKS.xml,NA
Labadie145_GBOOKS.xml,NA
Labadie146_GBOOKS.xml,NA
Labadie149_GBOOKS.xml,NA
Labadie150_GBOOKS.xml,NA
Labadie152_GBOOKS.xml,NA
Labadie156_GBOOKS.xml,NA
Labadie158_GBOOKS.xml,NA
Labadie159_GBOOKS.xml,NA
Labadie160_GBOOKS.xml,NA
Labadie243_MAZ.xml,NA
Labadie252_GBOOKS.xml,NA
Labadie267_MAZ.xml,NA
Labadie284_MAZ.xml,NA
Labadie299_MAZ.xml,NA
Labadie307_GBOOKS.xml,NA
Labadie311_GALL.xml,NA
Labadie311_GBOOKS.xml,NA
Labadie316_MAZ.xml,NA
Labadie322_GBOOKS.xml,NA
Labadie334_GBOOKS.xml,NA
Labadie58_MAZ.xml,NA
Labadie63_MAZ.xml,NA
Labadie66_MAZ.xml,NA
Labadie88_MAZ.xml,NA
Labadie90_MAZ.xml,NA
Moreau1suppl100_MAZ.xml,NA
Moreau1suppl126_GBOOKS.xml,NA
Moreau1suppl143_MAZ.xml,NA
Moreau1suppl147_GBOOKS.xml,NA
Moreau1suppl149_MAZ.xml,NA
Moreau1suppl157_GBOOKS.xml,NA
Moreau1suppl159_GBOOKS.xml,NA
Moreau1suppl189_GBOOKS.xml,NA
Moreau1suppl190_GBOOKS.xml,NA
Moreau1suppl193_MAZ.xml,NA
Moreau1suppl19_GBOOKS.xml,NA
Moreau1suppl202_MAZ.xml,NA
Moreau1suppl208_GBOOKS.xml,NA
Moreau1suppl212_GBOOKS.xml,NA
Moreau1suppl221_GALL.xml,NA
Moreau1suppl23_GBOOKS.xml,NA
Moreau1suppl25_MAZ.xml,NA
Moreau1suppl49_GBOOKS.xml,NA
Moreau1suppl50_MAZ.xml,NA
Moreau1suppl72_GBOOKS.xml,NA
Moreau1suppl81_MAZ.xml,NA
Moreau2suppl128_MAZ.xml,NA
Moreau2suppl132_MAZ.xml,NA
Moreau2suppl13_GBOOKS.xml,NA
Moreau2suppl156_GALL.xml,NA
Moreau2suppl195_GBOOKS.xml,NA
Moreau2suppl207_GALL.xml,NA
Moreau2suppl28_GBOOKS.xml,NA
Moreau2suppl33_GBOOKS.xml,NA
Moreau2suppl54_GALL.xml,NA
Moreau2suppl61_MAZ.xml,NA
Moreau2suppl62_MAZ.xml,NA
Moreau2suppl88_GALL.xml,NA
Moreau2suppl8_MAZ.xml,NA
Moreau3suppl4_MAZ.xml,NA
Moreau3suppl51_GALL.xml,NA
Moreau3suppl56_MAZ.xml,NA
Moreau3suppl58_GALL.xml,NA
Moreau3suppl62_MAZ.xml,NA
Moreau3suppl8_GBOOKS.xml,NA
Moreau3suppl9_MAZ.xml,NA
Socard50_GBOOKS.xml,NA
Socard62_GALL.xml,NA
Socard63_GALL.xml,NA
Socard68_GBOOKS.xml,NA
Socard6_MAZ.xml,NA
Socard75_GBOOKS.xml,NA
Socard78_GBOOKS.xml,NA
Socard81_GBOOKS.xml,NA
Socard84_MAZ.xml,NA
Socard87_GBOOKS.xml,NA
Socard9_GBOOKS.xml,NA
